order_id,date_id,customer_id,product_id,staff_id,quantity_sold,total_sales_amount,order_date,shipping_date,list_price
1,896,261,822,368,68,5460.9,6/22/2012,12/13/2014,6779.38
2,931,774,512,748,39,41657.1,4/25/2014,11/24/2018,8313.81
3,108,554,712,833,97,78744.47,11/30/2015,7/1/2016,1368.53
4,527,22,720,960,11,46242.58,6/22/2012,2/13/2017,1324.1
5,684,101,892,289,7,43961.92,6/22/2012,8/1/2016,7382.49
6,769,283,850,945,11,24728.39,6/22/2012,2/23/2018,4270.52
7,606,713,516,582,70,73359.2,6/22/2012,1/24/2014,1950.35
8,342,308,827,715,18,12945.25,6/22/2012,6/28/2016,6513.5
9,445,682,963,602,87,98505.99,6/22/2012,5/3/2014,6964.15
10,437,569,866,236,28,50686.55,3/11/2018,11/17/2020,3308.96
11,166,406,46,410,71,61336.6,6/22/2012,9/4/2013,1269.56
12,663,918,981,428,64,71763.7,12/12/2013,12/3/2015,1779.34
13,552,345,578,589,53,5466.39,6/22/2012,2/24/2014,4956.59
14,264,433,734,627,16,8190.96,6/22/2012,3/10/2017,8639.36
15,954,853,345,717,84,5307.64,6/22/2012,2/4/2016,7289.69
16,581,824,596,888,59,92078.83,6/22/2012,9/2/2014,6703.07
17,27,230,941,975,85,54448.09,4/22/2014,4/30/2019,6921.89
18,493,527,482,529,3,48079.73,5/25/2018,5/25/2022,1747.28
19,652,696,753,199,77,82143.16,5/16/2016,4/14/2020,3460.03
20,43,550,177,51,96,42443.24,6/22/2012,12/27/2016,6246.15
21,230,139,703,38,73,17274.01,6/16/2014,6/27/2020,7222.34
22,685,801,470,439,5,99782.35,1/14/2020,8/23/2022,765.86
23,317,66,113,528,68,19777.79,6/22/2012,1/8/2020,2818.06
24,118,803,618,892,57,7037.35,10/23/2020,7/15/2022,5019.93
25,513,392,58,223,8,58545.32,8/29/2015,6/6/2020,5970.15
26,620,262,46,861,25,99786.15,2/11/2015,5/24/2018,4530.26
27,538,613,512,274,39,53119.64,6/22/2012,6/8/2018,6098.22
28,707,192,982,458,10,77503.14,5/26/2021,11/24/2021,5017.45
29,611,774,131,516,58,8489.81,12/17/2019,11/1/2022,5540.87
30,279,686,250,852,44,18197.5,7/31/2013,7/9/2014,1933.58
31,968,704,496,862,53,90924.49,12/12/2014,12/29/2016,686.52
32,625,543,433,860,54,32038.65,6/8/2015,12/6/2020,6153.5
33,791,556,779,573,74,20644.15,7/30/2022,12/25/2022,8962.49
34,886,604,904,825,85,15595.39,9/20/2020,8/14/2021,1606.53
35,581,157,402,103,78,201.27,9/2/2018,9/27/2021,1044.89
36,850,69,70,883,62,39091.33,6/22/2012,9/29/2013,5158.18
37,550,324,248,831,69,87008.09,9/26/2014,11/28/2020,3181.36
38,581,286,729,235,46,57650.89,6/22/2012,5/13/2014,3398.11
39,959,338,473,683,30,21008.08,6/27/2015,9/13/2016,2237.91
40,449,273,267,567,76,60231.54,8/17/2021,11/14/2021,8784.93
41,898,815,504,119,17,38803.67,6/22/2012,9/15/2013,5659.59
42,723,324,897,162,88,30073,10/11/2013,9/20/2020,5537.17
43,81,444,90,682,81,42674.38,12/24/2014,3/1/2021,5804.7
44,641,15,122,271,76,8585.68,6/22/2012,8/18/2019,1995.11
45,755,213,464,551,8,96368,6/22/2012,11/19/2013,8140.59
46,174,272,221,327,44,83859.57,6/22/2012,8/12/2014,6067.51
47,300,152,684,731,1,84726.16,6/22/2012,11/6/2021,1928.64
48,276,361,431,166,4,93197.17,6/22/2012,2/10/2015,3438.52
49,343,408,336,268,87,59536.82,6/22/2012,7/18/2019,9003.53
50,837,595,185,237,62,4094.19,6/22/2012,1/12/2017,7876.96
51,134,4,699,689,51,69891.92,6/22/2012,9/10/2013,147.24
52,129,425,312,215,88,11642.56,1/8/2021,8/3/2021,9214.83
53,277,970,802,858,43,18602.31,5/27/2016,4/23/2017,819.42
54,580,160,54,530,71,19007.62,6/22/2012,7/1/2016,5774.22
55,617,433,720,998,96,23970.27,3/23/2015,6/12/2019,3853.05
56,981,828,648,603,23,17075.96,3/28/2019,3/25/2023,7083.84
57,427,101,676,118,66,12952.58,6/22/2012,4/16/2017,1563.6
58,829,233,832,566,37,22575.08,6/17/2015,9/8/2019,7413.37
59,660,813,813,423,50,70000.16,1/30/2015,11/26/2018,5943.02
60,184,395,659,936,59,35542.51,6/22/2012,3/12/2019,4340.63
61,50,778,125,263,90,55814.93,6/22/2012,1/24/2014,723.65
62,869,72,984,549,67,95779.33,6/22/2012,5/20/2019,754.72
63,639,883,789,507,74,8710.81,6/22/2012,10/9/2013,2595.13
64,873,999,573,211,98,86652.68,4/27/2014,4/6/2016,4408.3
65,611,479,288,252,71,30491.18,6/22/2012,5/1/2015,775.83
66,967,284,780,953,45,7200.8,11/16/2014,5/1/2019,3075.28
67,183,908,432,83,79,64253.16,6/22/2012,10/3/2013,3349.14
68,785,129,224,73,7,87837.24,7/27/2014,7/21/2020,8598.59
69,858,269,395,110,75,44404.25,6/22/2012,10/27/2021,4797.75
70,344,837,278,671,85,28203.89,8/6/2017,8/18/2019,684.27
71,104,18,169,547,45,87758.44,6/22/2012,10/28/2017,1844.43
72,323,777,422,393,25,40036.12,1/28/2014,3/21/2021,5722.13
73,914,912,535,459,45,86956.06,6/22/2012,10/30/2013,341.38
74,849,843,926,871,30,83129.77,10/17/2016,9/1/2021,415.2
75,383,625,845,642,10,35146.3,1/29/2017,7/4/2018,1626.78
76,327,751,853,71,98,39865.33,6/22/2012,1/28/2015,5857.01
77,19,656,531,434,75,78983,6/22/2012,1/20/2015,6499.77
78,503,56,20,152,79,74034.93,6/22/2012,4/25/2015,3938.41
79,112,621,68,88,98,48421.16,6/22/2012,7/26/2015,1464.68
80,2,450,706,427,67,70317.72,2/5/2019,11/26/2022,6200.67
81,580,807,18,93,65,1246.13,6/22/2012,7/31/2016,7067.15
82,536,548,499,697,38,16131.01,9/15/2018,8/28/2022,7692.15
83,976,742,246,375,67,9233.31,6/18/2014,12/5/2022,353.6
84,232,761,570,829,35,33474.82,6/22/2012,3/11/2014,7253.32
85,951,604,295,910,83,14658.18,10/12/2015,1/1/2023,8081.92
86,96,509,76,35,11,90158.46,1/7/2019,4/12/2023,4334.85
87,713,164,628,931,11,41858.32,2/9/2015,6/19/2018,6211.79
88,448,281,106,13,18,58831.14,6/22/2012,4/27/2015,9350.82
89,295,286,684,566,73,96401.09,11/27/2021,4/2/2023,2161.81
90,47,633,892,668,62,92174.63,6/22/2012,10/31/2019,1363.22
91,24,817,355,507,98,58960.13,6/22/2012,8/4/2017,5597.44
92,402,3,32,122,98,89416.16,9/11/2014,11/2/2020,2421.33
93,684,234,147,655,41,88194.42,6/22/2012,6/10/2017,8111.12
94,10,254,941,460,11,30704.95,6/22/2012,9/8/2016,3996.97
95,808,232,868,137,86,95015.03,6/22/2012,7/2/2017,3917.9
96,391,483,13,478,50,53000.62,6/22/2012,4/21/2017,9517
97,237,288,611,994,11,68954.25,6/22/2012,7/2/2017,4098.25
98,534,578,953,779,70,49878.04,4/12/2016,2/27/2018,5380.22
99,551,367,403,753,56,72684.53,8/20/2017,4/6/2022,7238.24
100,134,184,178,864,55,3896.15,6/22/2012,5/8/2018,6331.29
101,903,741,551,972,16,57661.01,6/22/2012,8/5/2020,6722.57
102,45,83,980,109,7,36207.53,11/30/2016,1/2/2020,5324.11
103,604,174,608,73,8,58267.94,6/22/2012,9/22/2018,5682.39
104,753,563,310,721,2,48116.05,6/22/2012,8/26/2018,6907.75
105,860,342,8,901,100,59555.85,6/22/2012,10/16/2013,8565.49
106,27,177,813,951,29,3481.34,6/22/2012,4/10/2015,6912.48
107,286,668,160,497,82,85246.16,5/6/2015,1/8/2016,8234.12
108,792,554,820,823,38,72930.78,7/16/2014,4/1/2023,1904.74
109,938,339,494,853,66,23427.89,10/30/2020,1/12/2023,504.79
110,546,620,680,898,15,85946.68,6/22/2012,5/8/2018,926.21
111,311,5,548,89,99,36137.71,6/22/2012,9/24/2019,5676.34
112,779,294,219,313,90,42913.36,6/22/2012,11/27/2014,9703.74
113,105,504,942,382,60,33646.8,1/1/2015,7/28/2022,5172.48
114,369,106,27,503,4,76492.68,6/22/2012,8/11/2019,2006.72
115,344,283,83,782,46,41818.48,6/22/2012,8/14/2013,219.51
116,645,282,117,433,21,15428.74,9/4/2014,9/17/2022,3879.21
117,334,890,874,709,95,75521.35,9/26/2020,5/4/2022,8906.67
118,869,563,808,144,9,39011.38,9/10/2022,10/31/2022,767.6
119,467,292,661,544,45,59412.7,6/22/2012,5/19/2015,7633.29
120,270,924,500,346,50,41109.89,6/22/2012,3/24/2016,3678.04
121,378,374,137,722,62,74182.7,12/31/2014,1/6/2020,3827.33
122,552,664,685,256,60,8556.19,6/22/2012,8/10/2017,8088.8
123,505,509,150,224,85,83855.73,2/11/2017,5/6/2021,6602.64
124,453,314,791,541,62,84803.95,7/12/2020,4/30/2023,4980.08
125,488,35,519,961,89,41835.48,6/22/2012,3/23/2020,2382.13
126,326,546,474,105,3,37294.16,6/22/2012,10/3/2013,2897.5
127,920,499,36,644,80,49824.68,11/2/2015,6/17/2020,9296.1
128,537,590,14,301,20,80191.28,6/22/2012,1/14/2016,2372.94
129,386,442,450,397,22,28570.95,12/27/2016,3/8/2023,2189.9
130,972,837,278,330,52,90727.38,8/19/2014,5/4/2018,2359.35
131,679,468,733,553,80,98643.97,10/7/2017,10/6/2020,509.91
132,542,557,959,574,7,736.13,7/11/2018,5/26/2021,6077.03
133,904,197,914,965,38,41067.01,11/6/2017,11/21/2017,7613.82
134,491,972,929,515,73,30171.7,9/3/2014,6/20/2019,8626.47
135,320,548,619,815,57,40380.59,10/30/2015,4/15/2019,975.38
136,887,514,642,748,12,75480.59,11/24/2020,4/2/2023,1373.27
137,614,831,186,180,30,6189.91,3/30/2016,4/28/2022,7080.93
138,941,350,867,4,44,83185.68,6/22/2012,8/27/2014,1082.99
139,433,545,536,954,7,80450.88,6/22/2012,6/8/2017,894.34
140,503,260,296,965,83,5607.44,6/22/2012,7/24/2016,3820.33
141,885,478,9,361,22,41068.51,6/22/2012,10/16/2015,9549.2
142,342,415,700,823,93,54777.34,5/22/2019,9/13/2022,7661.04
143,881,680,911,240,70,10892.27,11/28/2013,2/19/2020,1993.91
144,364,406,216,103,8,88346.26,11/2/2019,11/2/2022,1316.58
145,912,553,843,910,28,39307.26,6/22/2012,3/14/2016,1677.16
146,64,985,16,526,46,12387.77,6/22/2012,10/22/2018,3982.54
147,215,413,97,393,67,65192.22,9/22/2016,12/5/2021,2664.73
148,979,873,336,776,40,69999.76,1/17/2020,8/31/2020,7700.82
149,904,169,871,247,100,26383.14,6/22/2012,8/27/2016,8538.83
150,24,180,111,571,90,40730.72,5/22/2021,1/20/2023,2220.05
151,237,124,534,458,54,57936.54,1/30/2014,8/16/2020,7688.68
152,113,285,407,780,44,71767.65,1/18/2022,4/3/2023,2281.38
153,844,118,489,454,17,22155.99,6/22/2012,4/19/2015,4719.56
154,869,243,946,827,50,52701.13,12/15/2016,7/30/2017,8740.98
155,842,248,383,570,33,41860.08,10/12/2017,11/11/2017,4319.13
156,557,762,580,78,5,19144.02,5/7/2019,5/15/2021,2098.18
157,491,327,433,394,92,48444.32,6/22/2012,3/11/2016,6969.17
158,340,643,981,941,75,59199.8,6/22/2012,9/9/2016,4986.59
159,71,418,365,885,13,42045.61,5/10/2017,6/16/2017,3744.51
160,79,892,434,140,65,49235.79,6/22/2012,12/21/2015,6985.53
161,221,763,374,995,81,25640.92,5/13/2021,8/5/2022,8548.92
162,715,961,763,694,83,60949.34,8/22/2019,9/24/2021,8538.62
163,444,522,24,365,39,65656.18,6/3/2021,4/14/2023,8561.75
164,668,171,856,459,38,64559.06,1/30/2017,12/7/2020,8264.05
165,615,38,217,205,29,87692.66,6/22/2012,12/26/2021,783.36
166,957,223,484,187,51,41796.41,6/22/2012,4/23/2016,1242.35
167,566,616,919,198,100,31996.94,2/12/2014,7/17/2016,242.06
168,100,587,226,362,67,97013.57,6/22/2012,3/17/2016,3649.11
169,772,248,722,841,51,90541.18,6/22/2012,12/17/2015,6402.49
170,32,847,35,941,81,15114.65,9/21/2013,4/15/2022,4360.31
171,645,776,675,235,60,57965.11,6/22/2012,1/7/2018,3201.64
172,7,540,516,25,69,95607.87,11/9/2018,2/16/2021,3800.17
173,556,542,129,161,40,73190.63,6/22/2012,12/2/2016,9311.38
174,17,843,250,732,51,3011.73,11/7/2016,7/15/2023,1126.03
175,39,791,202,429,94,15619.75,6/22/2012,2/3/2016,4539.14
176,821,547,816,799,74,65510.56,6/22/2012,7/1/2016,7558.41
177,524,270,455,897,63,14382.81,6/22/2012,4/19/2019,370.18
178,101,708,291,71,88,87759.6,8/14/2014,7/24/2022,2736.38
179,175,631,717,905,44,18355.36,6/22/2012,11/4/2013,3826.45
180,871,437,957,201,22,62823.79,5/9/2017,7/21/2019,7403.14
181,831,170,467,915,5,64738.57,4/1/2018,3/7/2023,9650.55
182,255,656,541,119,24,13334.86,6/22/2012,10/24/2018,7470.68
183,355,43,459,407,100,20310.96,7/13/2016,12/12/2022,8340.26
184,374,983,526,33,54,93036.94,6/22/2012,3/28/2018,3452.68
185,922,166,724,151,29,50805,6/22/2012,8/11/2022,3930.61
186,312,50,915,674,34,42902.42,1/13/2015,8/16/2020,8034.28
187,263,140,548,790,8,90493.04,9/24/2020,1/15/2021,8759.13
188,208,92,236,627,90,5758.58,6/22/2012,5/1/2021,8465.56
189,230,95,258,223,43,30052.42,7/5/2014,9/3/2018,2636.51
190,621,748,3,383,58,82278.69,6/22/2012,9/21/2014,4171.7
191,645,62,837,199,62,34258.33,10/24/2016,7/22/2019,774.32
192,885,438,627,662,8,18460.8,5/30/2016,9/15/2017,9413.71
193,338,112,793,411,38,95559.36,11/13/2018,8/20/2021,4280.48
194,980,978,800,875,67,85968.89,6/22/2012,4/12/2017,9282.16
195,966,152,227,970,1,59058.39,6/22/2012,11/26/2013,7616.69
196,804,289,515,532,99,27341.7,7/20/2018,1/12/2022,2999.1
197,859,654,596,886,50,69062.98,6/22/2012,2/14/2017,7835.52
198,798,727,980,577,83,63743.7,4/4/2015,8/27/2020,3580.17
199,699,272,835,946,64,20071.54,6/22/2012,2/20/2015,2554.42
200,784,847,221,610,54,14655.8,6/28/2018,5/23/2019,5481.77
201,999,545,528,382,11,67518.38,6/22/2012,4/22/2019,8167.14
202,100,416,650,278,25,72750.86,6/22/2012,4/12/2017,2634.79
203,239,747,708,752,24,67314.71,11/8/2016,6/28/2020,3783.55
204,327,665,579,83,23,34911.39,6/22/2012,8/21/2016,4919.26
205,926,496,76,641,38,85982.46,6/22/2012,12/24/2013,1065.65
206,129,459,697,409,44,76911.9,6/22/2012,4/8/2014,3194.63
207,790,925,50,605,62,81174.98,1/1/2017,5/17/2022,510.82
208,227,879,58,764,55,74554.54,5/19/2019,6/16/2019,3006.42
209,554,288,110,566,24,97187.49,6/22/2012,11/10/2015,9122.38
210,442,778,217,349,96,45380.34,6/22/2012,2/14/2014,340.35
211,443,700,162,230,88,6122.38,11/12/2013,3/22/2018,1262.4
212,994,574,300,458,66,70325.89,6/22/2012,12/23/2019,2089.47
213,955,964,286,161,27,43613.47,6/22/2012,3/30/2014,6749.83
214,450,401,901,938,93,86621.17,6/22/2012,2/28/2017,9237.2
215,577,519,287,61,78,99495.88,4/28/2018,4/12/2020,4198.56
216,465,832,354,266,46,81208.21,6/22/2012,12/9/2016,4443.86
217,283,64,46,584,68,89943.23,1/2/2018,7/20/2021,4962.42
218,463,117,165,187,68,91285.44,1/17/2014,9/29/2020,4704.09
219,710,831,251,44,25,926.19,12/30/2016,2/8/2021,3778.84
220,104,911,447,218,96,65829.75,10/2/2016,10/20/2021,375.97
221,90,288,544,551,28,54388.58,8/10/2015,7/1/2020,2835.12
222,896,514,507,136,70,56044.46,1/1/2015,2/19/2015,7853.93
223,637,544,909,652,93,63167.29,9/6/2015,4/20/2023,8286.46
224,860,501,323,212,87,78649.1,6/22/2012,3/31/2015,3895.24
225,508,46,977,18,11,31557.28,1/8/2016,7/29/2017,362.66
226,684,75,448,51,58,48625.81,2/1/2015,9/6/2021,2491.69
227,594,108,306,405,100,29607.45,7/25/2017,1/13/2023,5288.55
228,180,223,217,263,18,41734.59,9/18/2017,6/16/2023,2536.92
229,505,904,698,654,94,77309.08,6/22/2012,7/10/2016,1948.98
230,46,428,80,24,39,48907.55,6/22/2012,1/22/2020,6063.58
231,40,829,964,474,11,30394.35,6/22/2012,10/25/2015,4360.24
232,912,847,971,350,49,29445.27,9/27/2013,5/9/2022,9619.68
233,972,609,347,293,30,18924.05,6/22/2012,3/25/2017,3494.93
234,50,840,983,731,97,94640.08,5/10/2022,10/1/2022,6038.2
235,780,822,308,506,32,49698.31,6/22/2012,10/31/2018,216
236,397,478,845,486,97,5933.9,6/22/2012,10/30/2013,9088.1
237,366,46,184,927,11,36733.59,9/13/2015,2/11/2019,7346.96
238,252,881,41,530,59,98807.41,4/19/2015,10/4/2015,2632.14
239,538,449,828,519,61,48057.21,7/4/2016,3/5/2021,1973.39
240,951,46,522,574,60,20094.41,8/7/2014,10/29/2021,797.82
241,602,7,94,611,60,71087.19,6/22/2012,6/29/2015,5848.98
242,362,444,2,360,25,2171.47,6/22/2012,12/1/2020,5339.25
243,210,328,341,364,50,4951.37,12/26/2019,5/6/2023,1479.6
244,986,305,218,404,18,61558.11,6/22/2012,9/18/2016,2033.6
245,711,918,461,16,39,23600.9,6/22/2012,1/24/2018,9074.84
246,519,456,538,240,25,33840.09,6/22/2012,7/16/2016,4180.3
247,683,584,73,971,82,29681.62,7/13/2019,4/7/2022,3942.6
248,738,526,77,619,96,23650.6,7/13/2018,3/20/2023,1025.52
249,313,81,45,688,34,54073.81,6/17/2014,8/28/2018,9240.69
250,769,247,88,700,96,89521,6/22/2012,9/7/2020,1640
251,831,943,456,908,74,11407.64,6/22/2012,1/2/2016,2213.83
252,56,674,694,91,32,93030.27,6/22/2012,11/1/2015,3934.39
253,899,999,57,127,17,67988.7,3/24/2020,5/19/2021,6826.44
254,726,205,383,574,61,42055.71,6/22/2012,7/9/2014,3629.16
255,623,947,74,565,9,91707.95,6/22/2012,11/16/2013,8361.93
256,648,68,22,56,69,58456.23,1/26/2021,4/12/2023,3153.72
257,177,294,374,302,80,60568.89,6/13/2019,10/1/2019,6377.74
258,1,168,161,84,39,12239.2,6/22/2012,8/31/2019,4798.18
259,578,601,711,983,40,58047.2,6/12/2016,6/21/2022,5290
260,431,332,275,946,54,33026.67,8/9/2021,12/9/2022,3015.7
261,216,208,360,335,1,28882.95,8/15/2022,6/21/2023,7388.82
262,575,193,521,533,99,77982.77,6/22/2012,8/7/2017,7384.48
263,4,456,582,817,41,46612.22,6/22/2012,12/9/2017,1982.32
264,544,937,520,562,14,83429.15,12/18/2020,8/2/2021,218.86
265,823,211,6,328,46,28525.2,6/22/2012,12/18/2019,7772.96
266,89,704,692,344,19,46856.02,6/22/2012,6/24/2016,7453.62
267,853,90,799,478,86,87378.28,6/22/2012,4/7/2016,1813.42
268,715,138,979,931,5,8597.89,6/22/2012,10/7/2013,2820.92
269,496,674,948,880,52,66329.94,6/22/2012,4/8/2014,6457.1
270,54,285,722,760,49,77087.59,6/22/2012,8/26/2013,4889.3
271,779,617,524,63,43,43632.72,6/22/2012,12/18/2013,4515.54
272,208,792,20,345,82,72820.32,6/22/2012,1/30/2015,3717.96
273,728,980,459,425,83,87079.2,6/22/2012,1/17/2016,3170.07
274,674,433,287,93,88,32513.22,3/6/2014,7/26/2020,6590.05
275,516,732,247,826,5,33922.88,5/5/2016,3/31/2020,4231.25
276,595,947,136,57,61,79542.37,8/11/2013,11/23/2017,9224.9
277,71,395,748,642,54,89158.35,2/24/2018,4/11/2019,4233.1
278,595,306,945,204,27,1752.53,2/25/2014,10/18/2021,8090.99
279,509,814,213,259,51,32353.57,6/22/2012,9/24/2015,8182.01
280,58,693,38,472,72,57289.14,12/2/2017,1/20/2018,129.75
281,647,385,927,622,81,59843.97,6/22/2012,8/2/2013,4415.53
282,601,920,179,481,75,48869.57,1/26/2015,4/10/2019,3553.71
283,675,36,994,528,98,98042.55,8/13/2021,9/20/2021,2163.56
284,878,945,944,464,83,98170.88,6/22/2012,12/11/2015,9712.8
285,405,481,696,291,98,86791.33,6/22/2012,3/18/2017,9739.01
286,1000,62,577,36,82,16078.77,6/22/2012,11/27/2013,7799.34
287,536,255,57,824,40,88700.96,6/22/2012,8/6/2021,5326.31
288,835,314,799,978,61,99063.83,11/30/2020,1/8/2023,656.35
289,720,24,880,461,9,65889.53,6/22/2012,10/15/2013,4792.43
290,172,443,308,387,40,61508.05,2/21/2019,7/20/2023,2938.87
291,595,821,822,919,84,7025.97,6/22/2012,6/14/2015,9631.6
292,943,351,72,725,42,17267.28,6/22/2012,9/6/2021,4565.67
293,267,450,600,453,76,96018.87,8/18/2020,10/30/2020,4059.29
294,57,379,503,871,24,31424.54,3/24/2019,6/9/2021,8369.61
295,833,730,44,702,77,36301.12,5/4/2014,7/8/2015,7047.7
296,452,459,447,972,46,85379.58,6/22/2012,11/15/2019,6590.2
297,487,138,743,814,96,17361.96,11/24/2017,3/14/2020,4398.78
298,946,890,664,590,7,7207.88,6/22/2012,8/1/2014,7597.77
299,886,391,298,860,43,617.96,6/22/2012,9/12/2016,1891.88
300,553,948,157,43,32,97050.03,6/22/2012,1/20/2020,7017.24
301,702,437,139,853,93,25118.72,6/14/2018,1/29/2023,5221.88
302,855,363,634,235,10,58533.6,6/22/2012,9/9/2013,6419.77
303,177,118,135,731,79,28577.93,6/22/2012,4/10/2014,5636.27
304,883,641,783,326,87,41777.87,5/19/2022,11/4/2022,2872.93
305,919,301,450,811,100,22010.41,11/14/2016,12/1/2018,9495.04
306,523,983,684,809,40,30347.02,6/22/2012,10/5/2013,1068.53
307,734,901,443,783,4,63851.34,6/22/2012,1/25/2015,8104.43
308,748,625,698,138,60,85582.66,6/22/2012,7/24/2014,6110.65
309,943,1,600,145,45,39037.04,1/27/2017,7/29/2018,1627.29
310,818,140,557,159,23,4621.27,6/22/2012,9/29/2015,1881.92
311,356,921,218,580,22,18717.36,8/28/2013,5/22/2016,8880.98
312,447,573,96,993,54,33738.24,6/22/2012,9/25/2020,4847.14
313,315,10,257,531,19,67893.46,10/4/2014,3/22/2023,1052.99
314,881,804,676,789,17,46005.03,1/8/2015,7/23/2016,263.38
315,704,59,845,679,94,78277.98,6/22/2012,1/11/2014,9929.32
316,237,248,258,465,20,64038.98,6/22/2012,3/19/2017,2641.67
317,585,426,970,262,61,90747.24,6/22/2012,6/22/2018,6253.8
318,143,244,575,314,66,70253.72,6/22/2012,11/15/2016,3697.17
319,863,603,793,34,60,28689.95,6/22/2012,5/20/2017,3530.78
320,675,75,30,177,59,39576.33,6/22/2012,6/28/2014,8211.16
321,681,620,217,903,29,63173.55,1/1/2015,10/2/2020,1756.78
322,97,146,924,567,82,65791.75,8/19/2014,2/21/2018,5395.52
323,112,23,745,566,34,70207.79,10/16/2017,7/4/2023,9160.39
324,49,444,819,758,93,89143.74,6/22/2012,11/16/2015,2853.15
325,159,935,671,210,40,68813.66,10/27/2016,3/4/2020,484.65
326,636,312,588,34,55,66958.09,6/22/2012,4/5/2015,7878.76
327,635,187,188,976,81,58096.24,9/29/2013,4/7/2022,3447.74
328,532,421,172,772,14,35077.1,6/22/2012,11/4/2017,7064.62
329,816,928,854,644,96,58469.56,10/22/2016,10/1/2019,7310.01
330,240,324,677,192,84,36502.71,6/22/2012,6/12/2015,474.05
331,388,135,23,600,60,52664.38,6/22/2012,11/30/2018,7248.75
332,192,87,924,449,19,25385.54,4/27/2017,9/16/2022,8141.84
333,549,265,668,540,22,91155.11,6/22/2012,10/16/2018,4170.44
334,412,310,660,843,71,64815.62,6/22/2012,9/25/2017,1788.27
335,635,310,265,522,60,21544.04,12/31/2021,7/7/2023,7878.77
336,858,127,101,765,65,33168.25,6/22/2012,1/14/2020,8285.64
337,570,307,253,598,85,1745.36,6/22/2012,8/9/2019,2656.96
338,344,226,293,310,80,93442.13,6/22/2012,4/24/2017,5919.45
339,35,907,466,277,38,72908.82,6/22/2012,1/14/2016,3414.16
340,104,722,302,447,46,99485,8/17/2020,5/16/2022,8716.32
341,274,914,225,905,60,122.89,10/27/2013,7/24/2015,1619.38
342,432,689,690,766,48,48970.15,6/23/2016,11/29/2016,877.69
343,417,797,524,631,56,35887.33,10/24/2018,7/5/2020,6037.06
344,377,287,279,704,26,76884.93,4/28/2017,3/6/2020,1888.6
345,700,178,270,157,72,92907.04,6/22/2012,4/7/2017,5059.5
346,599,852,132,38,84,28220.63,9/28/2018,5/13/2023,6593.31
347,803,584,73,386,57,43764.83,6/22/2012,11/2/2022,5699.38
348,286,763,110,662,20,31146.07,8/6/2015,10/6/2015,7794.43
349,45,710,979,769,87,89745.16,6/22/2012,9/30/2013,4550.62
350,399,958,751,127,34,75733.63,6/22/2012,12/29/2017,8618.12
351,23,741,762,256,58,18948.51,6/22/2012,9/1/2017,6572.37
352,307,559,759,796,71,81353.32,6/22/2012,1/30/2018,6065.03
353,33,508,720,188,95,72689.48,6/22/2012,2/26/2016,3073.29
354,127,277,770,109,93,83130.94,6/22/2012,12/17/2013,3951.38
355,776,349,948,694,80,18567.62,6/22/2012,7/26/2016,1154.02
356,267,293,146,918,72,32435.19,12/31/2017,5/28/2022,5900.27
357,708,541,474,152,56,1184.19,6/22/2012,9/26/2013,6048.86
358,55,835,270,917,52,36223.27,6/22/2012,8/6/2013,5304.41
359,253,422,222,185,81,77819.94,6/19/2014,12/25/2020,7402.37
360,195,407,617,3,95,30882.62,6/22/2012,1/25/2015,3289.91
361,913,406,499,640,52,8827.54,6/22/2012,7/22/2015,1780.77
362,166,483,120,250,1,36435.94,6/22/2012,5/11/2014,7111.44
363,337,450,245,384,39,70089.8,5/20/2014,9/27/2014,4065.27
364,688,122,423,416,32,83509.27,6/22/2012,10/14/2018,9972.09
365,722,286,189,121,45,46008.49,9/9/2017,6/1/2023,127.93
366,425,207,532,947,20,27748.57,5/21/2017,12/27/2021,72.05
367,739,988,627,949,14,99312.56,4/7/2014,6/30/2023,4138.87
368,21,353,615,678,82,56797.09,6/22/2012,10/25/2017,8240.23
369,574,868,38,908,32,70893.31,6/22/2012,2/5/2015,6426.76
370,698,179,967,791,19,7259.05,6/6/2014,8/2/2022,3063.34
371,549,309,641,205,76,51090.42,9/10/2014,6/10/2023,2288.59
372,607,359,506,301,64,4364.38,6/22/2012,6/12/2016,5126.94
373,385,697,86,37,76,52063.38,10/28/2013,10/15/2014,2899.91
374,546,458,259,104,73,30325.3,3/1/2018,6/24/2021,6222.07
375,954,969,295,785,78,96978.47,6/22/2012,7/9/2014,4228.07
376,376,196,521,134,44,16730.44,6/22/2012,7/30/2017,9298.22
377,439,539,16,629,50,89096.52,6/22/2012,9/21/2019,8509.86
378,589,889,47,75,34,61129.55,6/22/2012,1/14/2014,9706.4
379,284,633,366,211,66,27470.24,9/3/2018,11/16/2018,107.2
380,334,201,228,827,19,62270.75,6/22/2012,12/5/2013,4490.31
381,691,745,114,877,64,22257.33,6/22/2012,1/21/2015,4843.08
382,149,942,90,781,97,37309.42,6/22/2012,11/7/2019,7218.28
383,223,813,471,878,91,66687.01,11/7/2013,9/14/2022,6684.4
384,35,253,148,699,37,10339.76,3/11/2014,10/8/2017,1318.25
385,9,491,898,354,12,36936.49,6/22/2012,9/12/2014,7860.08
386,226,833,442,37,4,18920.54,6/22/2012,7/31/2020,4820.12
387,98,597,299,506,88,87397.25,3/3/2021,1/3/2022,1781.62
388,281,360,535,361,51,76400.96,8/12/2013,10/2/2022,914.72
389,969,118,151,209,91,35129.49,6/22/2012,12/23/2019,647.13
390,969,319,283,926,36,67968.2,6/22/2012,12/23/2015,444.5
391,95,838,828,904,29,32390.53,4/9/2021,8/29/2021,2821.14
392,279,620,821,706,28,37203.37,6/22/2012,11/2/2016,5735.4
393,260,908,960,123,53,11147.25,6/22/2012,9/13/2019,392.91
394,309,27,855,422,51,19447.54,6/22/2012,5/14/2018,967.14
395,884,204,663,801,6,29582.04,6/9/2019,2/21/2020,3093.33
396,237,104,424,888,42,71135.73,3/12/2017,2/5/2018,5938.23
397,49,987,928,346,27,61795.42,6/22/2012,11/9/2013,547.38
398,549,340,707,91,40,11871.64,4/3/2020,11/20/2022,8371.87
399,792,637,170,32,6,71137.61,7/14/2017,3/18/2020,1008.39
400,672,437,497,240,26,83050.26,5/28/2014,1/27/2019,5059.01
401,675,472,398,81,22,68481.26,9/18/2018,4/13/2021,8908.99
402,650,370,406,62,21,90573.24,5/23/2020,6/27/2020,3029.59
403,784,692,909,882,65,83632.39,8/24/2022,9/18/2022,6145.56
404,877,541,464,963,5,29891.74,5/8/2014,7/17/2015,4511.45
405,555,47,878,531,74,7793.27,9/19/2016,4/26/2018,6865.41
406,257,738,326,394,28,39907.35,2/10/2014,6/23/2014,8691.2
407,796,993,894,907,50,85035.36,9/9/2015,6/28/2019,6811.72
408,328,279,587,448,7,32584.4,6/22/2012,6/1/2014,9874.36
409,561,936,139,404,60,67829.23,7/6/2015,12/27/2018,9555.69
410,915,281,685,998,61,87010.14,4/11/2017,1/7/2018,2357.56
411,244,724,937,882,55,81139.9,6/22/2012,1/4/2018,9779.87
412,842,688,293,140,51,37677.98,6/22/2012,2/23/2017,6698.71
413,363,775,26,729,71,48942.51,6/22/2012,11/6/2016,8607.42
414,875,427,867,951,26,72218.66,6/22/2012,7/5/2014,9711.17
415,104,393,682,358,50,71400.59,7/30/2013,3/12/2017,539.23
416,962,837,500,46,23,18118.22,12/20/2017,6/16/2023,3368.2
417,620,95,339,118,58,30539.52,1/28/2020,2/1/2020,9900.87
418,425,808,872,439,52,80612.91,6/22/2012,4/20/2014,1508.49
419,269,184,123,663,100,18973.41,6/22/2012,3/26/2018,6861.96
420,624,902,983,72,18,47145.25,6/22/2012,11/5/2020,6258.01
421,566,914,692,344,49,98309.8,6/22/2012,11/7/2014,6622.52
422,56,918,211,294,91,70358.58,6/22/2012,10/30/2016,4831.91
423,17,959,973,848,67,92047.95,6/22/2012,1/8/2016,4119.92
424,963,961,301,699,85,85091.54,2/25/2015,3/26/2016,387.57
425,518,878,276,99,62,78776.07,9/13/2014,10/19/2016,1285.15
426,346,106,494,659,96,21199.81,12/11/2013,6/18/2016,6482.87
427,278,727,688,443,47,19921.78,10/2/2014,5/20/2016,1468.05
428,176,856,681,982,11,33652.1,12/10/2013,4/1/2022,5444.65
429,386,295,23,835,23,47451.68,6/22/2012,8/14/2015,8236.11
430,164,516,156,511,39,76614.83,6/22/2012,4/16/2015,5556.69
431,411,310,462,187,47,96074.97,10/4/2022,10/31/2022,3564.16
432,458,881,38,971,32,89733.06,6/22/2012,9/17/2013,8807.43
433,587,153,508,205,71,99723.92,4/9/2018,2/23/2022,4099.01
434,737,912,439,979,57,13717.5,12/27/2019,5/20/2020,1978.58
435,745,206,185,475,9,44425.7,7/4/2017,1/13/2022,392.07
436,435,419,186,725,45,40571.6,6/22/2012,11/13/2013,5421.88
437,542,836,519,40,92,32225.93,6/22/2012,4/6/2018,892.05
438,484,135,384,702,56,84944.25,6/22/2012,12/18/2020,1482.34
439,771,319,106,971,21,32461.61,6/22/2012,10/11/2014,7599.81
440,266,232,255,563,69,62373.36,6/22/2012,3/26/2022,8316.09
441,750,519,937,791,20,51419.21,6/22/2012,8/15/2013,7897.29
442,966,751,903,726,19,76224.26,2/22/2015,7/19/2018,950.41
443,474,170,331,679,54,44438.84,8/10/2017,5/3/2023,8893.87
444,686,404,51,255,25,5568,4/21/2020,2/23/2022,2334.8
445,679,186,883,499,56,33534.3,5/30/2014,10/27/2017,1472.7
446,598,850,137,466,58,18457.27,6/22/2012,9/5/2018,6179.46
447,496,708,63,400,75,71249.03,6/22/2012,4/5/2016,4116.54
448,684,734,132,904,2,33810.25,6/22/2012,8/27/2013,3356.57
449,581,957,317,480,100,74477.58,6/22/2012,3/20/2021,7980.14
450,870,924,12,359,63,78673.01,6/22/2012,7/23/2015,1237.51
451,197,181,782,841,67,39768.8,6/22/2012,2/27/2019,8453.46
452,706,337,613,687,97,15970.08,10/17/2014,8/9/2021,3588.14
453,246,935,951,822,84,23481.65,6/22/2012,2/2/2017,971.85
454,671,126,883,56,42,99648.04,6/22/2012,5/16/2017,6500.2
455,654,189,419,6,19,51352.3,11/11/2015,1/13/2023,6299.24
456,297,704,502,964,40,25982.53,6/22/2012,4/26/2018,5776.96
457,22,995,524,963,23,79199.33,6/22/2012,3/27/2017,6760.96
458,468,475,289,719,45,89506.34,3/8/2016,3/22/2019,4146.38
459,755,337,452,225,13,43819.42,7/8/2014,11/7/2015,3152.17
460,100,956,959,449,77,25811.5,7/8/2016,5/30/2020,9602.24
461,95,126,632,393,26,17588.7,6/22/2012,6/17/2017,2330.09
462,466,772,647,402,69,5155.15,6/22/2012,7/20/2016,9618.81
463,799,116,770,661,47,48607.99,6/22/2012,1/2/2018,3890.2
464,299,641,927,547,48,26828.73,5/16/2016,12/13/2016,5110.32
465,73,247,109,355,37,96479.46,6/22/2012,4/27/2017,5898.59
466,651,173,942,729,42,52319.29,1/9/2017,6/27/2019,7089.01
467,968,900,9,423,51,37117.24,6/22/2012,1/2/2016,8247.81
468,185,917,84,323,24,5388.71,12/31/2015,9/22/2021,1126.97
469,333,848,260,449,45,6108.57,10/26/2013,11/4/2014,1440.84
470,19,955,609,166,98,95204.41,7/25/2016,1/5/2022,3311.64
471,26,795,625,991,5,11958.96,1/29/2021,7/5/2022,2795.8
472,876,629,693,74,14,55321.59,6/22/2012,8/27/2014,8571.06
473,566,379,900,335,40,59528.47,6/22/2012,11/1/2017,3271.56
474,14,979,614,33,90,84008.79,9/11/2014,5/2/2018,1956.94
475,402,327,837,105,99,73823.21,9/25/2017,7/11/2020,6027.08
476,385,775,642,57,95,43901.88,6/22/2012,12/9/2013,4854.01
477,142,418,164,887,1,54344.46,6/22/2012,7/10/2014,4208.88
478,356,675,258,941,63,56542.6,6/22/2012,3/3/2017,3701.72
479,771,439,500,693,8,84304.82,6/22/2012,12/7/2014,2207.94
480,716,187,169,897,17,99709.4,2/21/2019,6/1/2022,8266.27
481,875,781,640,327,84,21704.23,6/22/2012,5/19/2018,9827.16
482,46,36,369,256,62,91964.4,12/25/2016,12/30/2016,1264.01
483,760,770,610,855,32,23519.32,6/22/2012,1/26/2017,7367.36
484,528,413,901,342,70,15069.31,2/16/2017,12/18/2017,2971.88
485,217,721,400,199,71,83594.7,10/20/2016,11/23/2020,8548.64
486,768,151,285,993,39,86219.21,3/5/2016,2/22/2019,7778.34
487,623,108,350,978,75,85351.05,6/22/2012,8/12/2013,9063.89
488,308,816,74,274,81,29568.27,6/22/2012,10/16/2018,4519.02
489,390,895,488,227,4,72980.15,4/15/2020,2/17/2022,6256.51
490,232,459,809,383,39,98447.5,6/22/2012,11/12/2019,3671.76
491,278,503,194,309,66,7460.64,6/22/2012,11/20/2020,2272.2
492,590,662,553,62,70,76209.14,6/22/2012,1/3/2014,4189.31
493,726,768,770,74,86,48840.36,4/27/2019,7/16/2021,4894.96
494,1000,132,626,966,55,74457.75,6/11/2015,10/15/2021,7942.77
495,528,399,697,609,39,41658.66,6/22/2012,2/21/2020,5468.45
496,853,48,788,280,94,5740.15,3/8/2015,4/3/2020,7794.1
497,89,279,475,734,98,21108.23,6/22/2012,2/14/2014,6499.28
498,728,865,888,190,59,98587.65,9/2/2017,11/23/2021,526.48
499,782,861,329,182,24,12728.71,6/9/2015,5/17/2016,8610.1
500,614,925,182,170,2,39740.61,5/31/2017,11/13/2019,9003.2
501,70,973,332,798,91,20708.03,6/22/2012,11/27/2014,2374.37
502,996,242,252,171,96,5846.58,6/22/2012,3/25/2017,9287.42
503,942,382,820,745,17,17118.23,6/16/2015,12/29/2019,9737.46
504,216,218,550,100,13,26293.33,6/22/2012,11/20/2022,7107.91
505,279,722,892,499,11,99508.89,10/9/2016,3/31/2023,9427.23
506,22,412,445,441,51,66133.62,5/17/2018,3/31/2021,3877.85
507,164,164,300,789,20,7080.38,3/16/2015,9/2/2018,9114.36
508,487,255,448,40,47,99389.53,6/22/2012,3/16/2016,9141.37
509,689,515,98,567,32,3143.85,6/22/2012,10/4/2014,9426.55
510,909,315,987,772,73,44630.1,6/20/2015,9/5/2021,2421.64
511,951,284,468,388,83,30911.72,6/22/2012,12/10/2018,6484.2
512,789,122,774,424,43,36817.22,6/22/2012,5/10/2014,308.13
513,8,342,323,182,5,24224.48,10/22/2014,3/30/2018,5239.52
514,528,736,884,421,49,67838.55,6/19/2015,1/2/2017,6910.03
515,46,334,145,825,3,27269.48,5/17/2020,2/20/2023,4237.55
516,44,4,500,177,66,93143.24,3/14/2014,12/8/2022,1855.85
517,183,779,68,782,46,46084.3,8/29/2022,2/9/2023,6753.1
518,60,5,917,483,22,80104.42,6/22/2012,5/9/2017,9245.64
519,931,1,95,962,10,73779.64,1/31/2020,9/13/2022,6711.87
520,480,421,916,743,27,57965.8,9/7/2018,4/11/2023,3462.81
521,780,993,26,965,66,81522.98,6/22/2012,5/23/2014,753.18
522,870,652,586,857,52,64274.6,6/22/2012,7/31/2018,3959.35
523,958,423,409,52,64,37133.72,10/9/2018,11/6/2018,4231.66
524,640,115,283,587,37,77011.18,6/22/2012,5/31/2015,5529.14
525,745,69,151,829,44,98804.13,6/22/2012,1/4/2016,8729.12
526,10,84,102,75,2,65776.19,6/22/2012,9/12/2018,5022.28
527,562,517,383,357,46,90347,6/22/2012,12/11/2022,3518.83
528,472,705,383,353,16,1734.81,6/22/2012,1/23/2022,3046.54
529,911,380,825,195,79,35863.67,1/1/2020,1/19/2023,435.01
530,427,306,559,659,92,21226.49,11/10/2017,2/5/2019,2339.06
531,738,85,965,24,15,76808.48,6/22/2012,12/10/2020,1040.36
532,971,259,384,3,2,96657.92,6/22/2012,9/24/2017,8684.22
533,107,645,180,723,52,43557.46,6/22/2012,3/17/2016,790.9
534,858,389,759,360,66,8240.85,5/2/2014,9/30/2020,6192.25
535,929,275,331,251,36,53771.81,6/18/2017,11/21/2018,4819.02
536,25,182,24,687,100,66401.07,2/4/2017,11/18/2017,3186.02
537,294,583,940,38,21,89896.3,6/22/2012,3/11/2019,2972.47
538,149,556,871,741,99,16155.34,6/22/2012,5/18/2016,4788.44
539,679,245,995,747,15,36807.61,10/20/2020,2/25/2022,7631.8
540,5,768,138,688,98,48122.08,6/22/2012,8/16/2020,2823.5
541,780,681,191,340,78,22688.34,6/22/2012,1/27/2017,3352.15
542,309,696,456,125,57,9778.1,6/22/2012,4/26/2020,5794.55
543,883,208,657,739,31,37383.83,7/30/2020,3/11/2021,2817.39
544,494,150,59,947,73,76125.08,9/4/2017,1/28/2021,3968.32
545,312,235,684,525,54,32905.71,6/22/2012,8/16/2013,4069.64
546,339,116,176,705,6,56085.62,9/14/2021,11/30/2022,343.82
547,355,387,654,712,61,97870.7,10/7/2016,6/8/2023,8359.31
548,155,321,765,561,64,53922.45,6/22/2012,2/2/2014,2851.64
549,177,91,943,934,72,99282.03,9/4/2016,1/19/2023,4132.19
550,770,552,105,314,88,61215.73,6/22/2012,8/6/2016,2625.78
551,23,968,595,667,54,76553.72,6/22/2012,3/1/2015,8699.24
552,176,280,67,777,21,94880.35,10/13/2013,6/10/2016,3584.36
553,931,17,176,686,96,33092.08,9/12/2013,7/18/2016,8623.69
554,571,750,629,152,12,53011.44,4/16/2015,4/27/2018,1191.32
555,965,505,594,435,35,17083.2,6/22/2012,3/9/2019,8871.3
556,769,308,149,858,33,19058.41,5/2/2014,7/22/2015,1107.83
557,504,955,454,268,81,5211.45,7/8/2019,7/22/2020,7748.37
558,267,181,418,76,59,54465.44,6/22/2012,12/17/2017,3662.08
559,831,142,422,928,98,78337.21,6/22/2012,4/5/2014,7861.79
560,339,624,796,893,3,58326.81,12/6/2014,7/10/2020,8662.74
561,312,699,754,125,65,95519.26,10/19/2016,11/26/2019,9281.99
562,641,580,795,893,78,40313.75,1/24/2020,4/25/2021,2942.26
563,122,58,579,729,48,47573.01,9/2/2021,6/29/2023,1231.91
564,5,666,890,464,36,68862.79,6/22/2012,6/1/2019,8024.75
565,143,643,946,917,19,53642.45,10/1/2016,7/15/2017,1005.4
566,832,950,723,376,40,27880.28,6/22/2012,1/27/2017,8885.89
567,495,34,961,64,53,89836.57,1/11/2023,5/19/2023,307.7
568,586,78,574,754,49,60327.07,4/29/2017,10/17/2017,4937.75
569,165,705,305,782,2,52090.81,5/8/2017,5/2/2019,6211.72
570,676,999,335,813,96,69057.43,6/22/2012,2/1/2015,5605.77
571,356,13,670,974,94,81821.59,9/2/2014,12/4/2022,7519.85
572,806,752,222,373,3,8008.44,1/27/2015,9/23/2016,5991.16
573,76,213,711,961,7,17351.43,6/22/2012,5/5/2017,9018.23
574,206,298,362,71,69,90287.99,6/22/2012,3/13/2015,5523.03
575,958,711,794,493,49,10099.42,11/22/2015,11/24/2019,583.53
576,592,506,604,683,41,30967.58,4/15/2016,10/23/2016,6499.6
577,919,257,219,571,14,13354.09,6/22/2012,6/1/2018,2168.54
578,432,900,90,569,25,62304.03,6/22/2012,7/13/2014,2039.13
579,445,596,63,810,8,71645.22,6/22/2012,4/6/2021,4914.49
580,317,476,561,881,21,81240.12,1/22/2020,3/15/2023,1339.96
581,514,187,702,4,80,83236.97,9/15/2015,1/5/2019,264.65
582,937,21,922,479,59,72174.95,12/8/2016,5/28/2023,8270.29
583,517,701,378,659,67,30891.87,6/22/2012,11/30/2014,9845.29
584,402,523,317,197,20,88879.17,6/22/2012,8/11/2017,1523.54
585,354,492,347,919,59,88903.04,6/22/2012,6/1/2015,3327.2
586,209,414,204,719,87,54043.02,8/19/2016,2/27/2019,8759.28
587,621,701,49,32,42,97875.43,6/22/2012,11/1/2018,9718.57
588,891,641,254,738,59,61593.38,6/22/2012,11/20/2013,6020.31
589,69,974,928,668,91,31763.83,6/22/2012,10/13/2015,7547.18
590,383,515,45,827,69,227.01,6/22/2012,8/17/2013,1311.15
591,854,97,210,213,41,39290.41,6/22/2022,8/6/2022,7478.68
592,118,973,226,745,18,27482.5,7/8/2016,1/8/2020,2657.45
593,702,976,831,983,70,4278.96,3/23/2020,4/26/2020,5370.38
594,96,873,189,784,45,24655.76,7/24/2021,10/28/2022,4432.19
595,499,500,57,317,23,86642.56,8/17/2016,12/25/2019,777.36
596,602,759,363,68,33,33198.34,6/22/2012,4/28/2015,981.02
597,132,488,662,486,94,64236.26,6/22/2012,7/11/2014,3287.3
598,456,780,452,301,100,86389.4,9/13/2014,6/23/2017,1188.71
599,94,672,408,601,83,58526.11,6/22/2012,9/5/2014,5046.11
600,54,500,290,752,13,58781.56,7/22/2014,1/13/2021,463.44
601,839,242,130,508,19,58443.61,6/22/2012,5/26/2015,3800.04
602,124,171,846,602,32,49123.27,10/6/2013,10/18/2015,8577.51
603,883,320,75,359,17,26889.93,7/11/2014,7/20/2016,9932.02
604,277,616,148,655,27,27692.75,1/2/2019,5/21/2020,9105.77
605,77,72,614,155,98,70033.3,4/15/2015,11/29/2022,413.26
606,513,419,782,505,34,28369.55,6/22/2012,3/5/2015,9782.86
607,764,536,28,963,88,43165.53,6/22/2012,1/12/2017,8051.19
608,907,820,137,254,76,84229.4,6/22/2012,4/17/2017,4212.15
609,707,453,280,40,9,47969.28,6/22/2012,4/25/2020,2997.86
610,52,712,513,453,86,51210.47,12/16/2017,6/1/2022,443.47
611,173,34,913,880,28,36629.03,12/1/2018,4/25/2021,1284.78
612,670,94,120,763,99,48821.89,6/22/2012,2/18/2014,9879.27
613,862,910,727,68,59,12719.22,3/26/2014,6/29/2022,5444.89
614,156,600,694,186,83,96756.31,6/22/2012,5/29/2014,1019.14
615,711,315,574,497,87,18877.25,6/22/2012,6/28/2018,1739.54
616,296,716,725,600,41,89488.18,4/26/2017,5/15/2018,5176.18
617,416,142,516,65,48,34754.37,11/6/2013,12/26/2020,4574.59
618,295,91,905,489,3,55766.82,2/27/2016,5/4/2023,4099.58
619,177,842,122,708,82,87061.57,6/22/2012,11/15/2015,9035.43
620,744,455,172,729,47,47301.03,9/29/2016,10/26/2020,8669.38
621,742,253,736,991,20,33421.6,6/22/2012,8/10/2013,2256.57
622,921,285,261,112,7,16355.94,4/12/2016,3/2/2022,8702.13
623,348,244,40,633,39,51642.38,6/22/2012,11/27/2013,8682.08
624,62,271,158,871,34,63794.03,6/22/2012,5/18/2014,2499.74
625,331,463,55,584,55,51109.18,9/3/2015,1/19/2022,4216.93
626,526,780,899,78,12,95715.54,6/29/2014,3/1/2015,2937.5
627,877,904,180,619,90,9561.79,4/8/2016,2/8/2023,7254.78
628,174,985,406,209,43,47973.44,1/4/2019,7/1/2021,3072.44
629,72,101,982,358,2,20272.82,6/22/2012,5/29/2018,7005.78
630,97,468,30,884,28,33452.22,5/13/2014,6/19/2016,7951.06
631,536,513,369,439,60,73301.03,11/16/2013,11/7/2017,7142.42
632,885,771,377,630,34,21080.89,3/8/2022,8/28/2022,9263
633,522,261,321,275,53,71608.37,6/14/2016,4/27/2019,6865.61
634,176,649,981,215,35,38784.27,9/18/2013,6/10/2017,3778.31
635,65,111,253,536,35,9645.35,6/22/2012,9/22/2017,9547.02
636,773,936,511,630,77,21034,6/22/2012,6/28/2014,7749.15
637,904,585,688,965,24,40345.01,12/9/2019,6/28/2023,9705.73
638,489,185,186,246,49,67791.23,6/22/2012,6/19/2022,2448.48
639,999,706,984,933,1,41638.38,6/22/2012,3/31/2019,9558.98
640,193,765,855,304,29,1974.32,9/3/2018,7/26/2022,4976.87
641,706,919,203,288,36,46827.82,11/7/2020,4/28/2023,8175.96
642,469,450,764,874,58,81332.3,6/22/2012,5/18/2017,5334.55
643,921,894,354,797,96,40603.03,6/22/2012,12/29/2017,7120.45
644,548,699,727,744,78,29306.23,12/28/2018,2/1/2019,7499.22
645,190,456,81,933,26,57557.88,2/5/2020,5/22/2020,1370.04
646,15,862,531,850,84,67979.32,11/4/2014,8/20/2022,8732.3
647,192,721,558,335,100,87155.69,10/28/2018,3/28/2021,2614.7
648,590,737,934,489,80,41498.96,12/26/2013,1/3/2019,6464.04
649,382,148,975,509,77,10736.4,6/22/2012,8/6/2015,8763.22
650,779,724,245,931,92,59829.07,2/12/2014,3/11/2014,2624.06
651,44,620,968,236,54,73426.86,6/22/2012,11/29/2019,5890.98
652,875,591,664,290,13,894.26,8/27/2013,12/16/2019,3878.5
653,877,815,857,217,60,86591.42,6/22/2012,10/31/2019,4894.09
654,632,970,583,990,1,30515.09,7/20/2020,11/8/2021,827.29
655,536,569,353,304,84,14067.03,6/22/2012,2/4/2014,8568.73
656,147,819,584,329,44,66914.17,6/22/2012,8/16/2019,5055.38
657,909,969,951,277,100,68549.75,6/22/2012,5/19/2019,5619.25
658,161,749,192,899,18,47215.76,6/22/2012,5/9/2021,1004.1
659,548,86,936,917,42,23552.84,6/22/2012,1/13/2022,4610.79
660,164,632,287,277,69,62981.19,8/26/2015,12/3/2021,6764.25
661,525,779,588,898,29,82383.36,6/22/2012,7/24/2021,9674.82
662,615,13,141,949,42,97765.83,10/6/2021,9/4/2022,9597.14
663,320,462,100,714,8,90628.49,6/22/2012,1/24/2016,8194.65
664,302,799,382,247,89,26512.55,10/25/2015,11/24/2022,1399.7
665,741,112,832,899,50,2951.87,7/2/2017,1/2/2023,1243.75
666,37,322,680,956,35,39947.54,6/22/2012,10/7/2013,8283.83
667,970,295,344,819,52,19668.13,6/22/2012,7/23/2019,5559.32
668,121,723,969,260,75,31465.95,5/27/2019,1/3/2023,2583.76
669,951,588,732,569,34,90593.78,6/22/2012,5/16/2017,2749.77
670,171,50,94,852,40,60485.57,9/7/2019,2/16/2020,7422.02
671,499,916,230,44,73,38528.47,8/30/2016,8/14/2017,7222.06
672,9,347,761,286,53,93642.32,6/22/2012,10/17/2014,3837.44
673,845,604,76,715,6,68166.89,6/22/2012,10/19/2015,2017.62
674,846,163,913,113,94,22414.22,8/8/2013,6/14/2019,4023.17
675,261,936,928,413,79,89708.69,1/6/2014,2/17/2015,8409.97
676,449,655,800,447,26,98385.95,6/22/2012,1/25/2014,6091.78
677,907,129,712,878,37,35372.03,4/12/2018,10/20/2021,1536.37
678,846,42,980,117,92,38400.98,6/22/2012,12/30/2016,3489.82
679,37,411,495,848,58,3439.76,7/2/2017,12/24/2017,2640.96
680,508,428,455,417,77,19754.75,3/25/2022,1/29/2023,1498.19
681,616,293,918,78,71,45448.85,11/12/2020,8/28/2022,1644.54
682,780,580,154,181,91,50465.39,12/23/2016,7/22/2017,4403.93
683,749,940,575,800,87,43723.17,7/11/2015,12/13/2021,7808.16
684,622,958,961,511,60,61108.76,6/22/2012,6/13/2018,5462.64
685,345,277,250,972,72,78707.92,9/26/2017,2/21/2021,3087.74
686,88,239,564,996,30,79949.14,3/5/2014,3/1/2016,2704.36
687,954,41,207,767,58,7966.99,6/22/2012,9/8/2015,7695.5
688,706,217,586,518,24,9298.41,6/22/2012,8/11/2021,6786
689,32,999,55,991,96,50091.85,6/22/2012,4/24/2014,2905.85
690,351,568,388,807,29,46953.3,6/5/2016,3/8/2020,1600.03
691,922,117,597,979,38,4616.67,5/9/2014,2/10/2015,3248.09
692,550,328,683,245,63,22494.13,6/22/2012,12/17/2013,1345.07
693,854,371,510,757,51,11984.52,6/22/2012,9/24/2020,9525.24
694,87,217,326,919,91,20292.76,6/22/2012,5/6/2014,1729.41
695,973,118,178,212,34,55200.67,9/11/2015,6/16/2020,2798.75
696,320,706,401,843,14,35776.65,6/22/2012,1/22/2021,8719.62
697,968,494,482,933,62,41055.26,9/17/2019,5/27/2020,3107.06
698,687,446,263,233,34,78189.5,3/1/2018,6/12/2022,7837.78
699,545,237,435,756,1,47863.51,6/22/2012,10/9/2013,774.71
700,653,629,533,956,11,48001.93,6/22/2012,3/4/2018,3215.65
701,627,182,741,15,93,50017.02,6/22/2012,4/30/2021,7047.32
702,233,574,985,920,85,50494.71,9/2/2015,11/23/2015,9537.24
703,785,513,797,267,58,87933.55,9/9/2013,1/20/2017,8916.15
704,691,448,890,988,68,83529.09,1/14/2017,6/10/2018,2705.71
705,913,749,203,206,7,79200.93,6/22/2012,10/12/2018,6219.55
706,247,610,253,164,28,58116.62,6/22/2012,6/6/2015,7923.73
707,581,664,678,944,14,91858.34,9/27/2020,6/4/2022,7052.56
708,184,93,741,613,30,55105.16,6/22/2012,11/20/2016,5570.79
709,792,195,886,94,36,3574.2,12/24/2018,7/20/2019,8839.6
710,916,484,48,720,11,44733.79,6/22/2012,4/26/2018,5677.96
711,832,871,975,437,7,40427.86,3/12/2018,7/28/2020,2487.4
712,646,148,977,35,53,77126.65,6/22/2012,10/28/2015,3313.98
713,937,886,105,799,37,12691.55,6/22/2012,3/29/2018,7690.9
714,116,529,600,237,73,97714.38,6/22/2012,3/22/2018,6098.14
715,266,211,726,978,7,68897.67,1/17/2014,6/26/2019,6259.57
716,391,354,91,115,58,38832.19,6/22/2012,8/30/2014,7431.59
717,740,291,400,415,64,91024.3,6/22/2012,7/16/2014,7880.9
718,715,602,21,78,53,50979.81,5/18/2015,10/19/2018,663.39
719,109,862,255,707,41,14461.69,12/5/2014,2/5/2016,9162.66
720,825,569,811,120,37,16312.43,6/22/2012,8/2/2019,7393.94
721,179,272,630,176,51,42715.83,6/22/2012,8/29/2015,2054.35
722,751,683,985,556,84,28288.81,6/22/2012,11/8/2018,6237.62
723,991,393,870,338,4,55531.53,9/22/2013,3/29/2017,8444.09
724,725,674,973,610,15,15226.44,6/22/2012,11/10/2015,7070.03
725,123,324,764,543,62,64881.81,6/22/2012,2/2/2014,570.35
726,311,975,361,307,33,96058.43,6/22/2012,12/18/2020,4293.7
727,592,998,507,244,26,60702.1,6/22/2012,2/13/2015,3187.57
728,818,715,872,510,82,94217.62,3/17/2014,3/8/2016,250.41
729,857,991,400,57,96,44824.68,9/12/2014,1/11/2016,7050.45
730,514,317,601,377,42,8236.82,3/2/2019,7/23/2020,8209.13
731,919,765,616,541,32,74134.01,10/28/2013,11/21/2017,7092.33
732,163,162,330,164,37,54032.33,6/22/2012,2/1/2016,8144.49
733,75,253,382,903,48,91665.8,6/22/2012,2/8/2017,2502.3
734,795,518,53,454,8,90207.87,11/20/2016,2/14/2023,9771.95
735,173,52,987,800,72,87612.94,6/22/2012,9/13/2015,2531.03
736,875,417,96,543,29,91177.62,5/19/2014,3/7/2021,2792.31
737,166,458,619,738,50,997.73,6/22/2012,10/1/2016,6942.81
738,556,859,426,946,84,42721.69,7/27/2019,7/4/2020,3288.68
739,528,942,458,305,8,39165.57,6/22/2012,7/5/2017,6215.38
740,886,661,861,461,100,59749.23,1/15/2017,4/15/2019,3175.53
741,453,37,368,828,47,87264.82,2/22/2014,7/25/2021,5842.31
742,239,143,218,277,4,29861.21,6/22/2012,8/25/2014,7384.9
743,797,365,957,891,72,50103.45,2/5/2018,1/12/2021,5598.07
744,867,256,334,468,15,23702.26,1/4/2021,6/18/2023,4915.06
745,462,493,630,714,30,71871.51,12/10/2017,3/22/2018,6863.1
746,149,990,253,31,99,48066.04,6/22/2012,10/10/2017,9683.52
747,180,578,244,269,39,37709.08,6/22/2012,4/25/2015,311.12
748,147,887,80,701,37,42534.56,6/22/2012,1/28/2018,8167.18
749,332,886,928,88,98,6834.74,6/22/2012,6/20/2016,5312.88
750,119,62,222,545,30,10298.53,6/22/2012,9/8/2016,9747.52
751,166,173,756,605,81,72006.9,1/10/2016,10/1/2019,9443.94
752,630,364,22,280,28,17810.95,3/28/2016,5/24/2018,1932.65
753,437,88,767,306,27,48785.7,6/22/2012,2/5/2018,9089.59
754,868,542,382,548,99,73465.96,6/22/2012,3/18/2018,4380.81
755,597,264,281,578,2,4460.2,6/22/2012,10/15/2019,547.75
756,267,721,180,737,53,86629.69,6/22/2012,7/24/2018,840.34
757,453,717,414,97,3,75530.83,8/11/2013,5/26/2015,6908.59
758,834,394,9,373,96,55436.84,6/22/2012,4/30/2020,6820.79
759,815,244,270,23,12,17438.1,6/22/2012,6/21/2018,1052.96
760,703,497,782,875,91,14434.58,6/22/2012,12/10/2014,5975.75
761,68,111,571,89,75,37866.79,3/5/2015,10/21/2018,4515.75
762,206,786,425,505,98,70294.09,6/22/2012,6/2/2018,2045.13
763,995,581,802,389,36,10704.76,6/22/2012,4/5/2015,2146.85
764,545,407,210,385,94,36996.05,4/15/2018,12/31/2018,2709.67
765,628,818,952,121,14,12184.42,6/22/2012,12/28/2013,4286.17
766,452,784,331,993,56,7467.72,11/27/2014,10/17/2020,8607.58
767,666,629,525,416,71,20493.98,6/22/2012,5/15/2015,8878.59
768,79,815,126,129,88,62497.24,6/22/2012,1/27/2016,6315.02
769,860,592,431,11,43,78597.67,12/14/2019,3/30/2020,5812.45
770,252,42,335,689,95,60593.09,8/2/2015,1/5/2017,2066.41
771,648,107,13,388,90,19338.22,6/22/2012,8/19/2016,1633.69
772,31,581,3,204,100,82182.27,9/3/2019,6/15/2023,9059.65
773,569,239,74,738,62,8559.76,8/10/2013,5/22/2017,3933.57
774,171,917,106,38,72,18852.52,6/22/2012,4/1/2017,3719.07
775,108,603,272,564,98,79206.43,6/22/2012,2/21/2014,5872.72
776,641,20,870,308,51,66691.25,6/22/2012,4/14/2015,5233.58
777,723,547,722,305,38,3756.75,2/4/2022,5/31/2022,6559.28
778,523,50,759,380,25,28984.71,6/22/2012,9/24/2014,4947.5
779,300,602,544,881,69,97009.57,6/22/2012,3/23/2015,8740.93
780,218,480,672,679,52,12146.87,6/22/2012,1/4/2015,6673.89
781,312,744,490,585,90,58309.94,12/11/2015,6/18/2017,8231.11
782,96,880,457,591,40,64932.16,12/21/2016,12/25/2019,8688.88
783,466,858,196,484,64,29839.77,6/22/2012,12/23/2019,1867.66
784,79,102,518,372,30,2420.59,9/11/2015,10/22/2017,4332.15
785,783,93,531,879,44,4657.56,9/28/2016,6/30/2021,7653.63
786,376,885,767,287,80,65452.2,12/7/2016,4/8/2022,8263.39
787,497,205,362,911,71,66496.59,6/22/2012,9/4/2018,2565.01
788,718,16,884,430,91,98784.37,8/29/2017,12/26/2021,6356.63
789,846,908,517,767,94,88214.13,6/22/2012,8/26/2020,3985.94
790,128,801,549,184,38,43307.27,2/16/2014,11/25/2019,256.9
791,409,10,456,759,64,71777.03,6/22/2012,10/24/2015,6665.06
792,279,960,151,124,63,4673.71,6/22/2012,6/12/2016,9025.04
793,195,799,79,540,3,80791.66,1/26/2020,6/22/2020,5574.4
794,732,138,249,351,68,47231.67,12/23/2013,11/24/2018,2017.39
795,369,513,887,337,90,9542.28,3/9/2022,5/16/2022,317.82
796,955,487,450,774,17,1623.69,4/7/2014,12/8/2016,333.69
797,680,910,981,606,41,68779.74,6/22/2012,5/22/2016,4376.34
798,331,863,942,198,73,88623.4,2/22/2017,5/22/2020,8400.04
799,37,886,361,489,82,69022.92,7/21/2017,3/27/2021,9158.85
800,34,950,810,471,50,15299.85,4/8/2020,2/10/2021,7146.7
801,677,412,272,610,86,52609.89,1/22/2022,3/15/2022,1152.34
802,748,984,172,596,22,83520.68,6/22/2012,8/13/2020,4608.61
803,898,885,576,581,47,57728.63,6/22/2012,3/31/2017,5272.06
804,576,459,861,639,43,97674.55,7/3/2015,6/7/2019,9610.9
805,473,790,886,844,33,20161.02,6/22/2012,12/7/2020,2025.79
806,972,988,712,579,53,78249.64,6/14/2014,4/20/2021,2883.57
807,385,931,434,597,48,98966.55,7/14/2019,8/31/2019,5505.85
808,425,791,314,152,69,96380.31,9/12/2014,11/27/2015,3001.86
809,581,431,824,372,29,87808.24,6/22/2012,11/9/2021,5571.12
810,128,670,416,468,12,94649.85,10/22/2018,11/2/2021,3792.68
811,633,505,26,474,28,87554.51,1/7/2015,4/5/2023,4250.58
812,354,213,642,904,48,1055.75,1/27/2019,4/2/2022,7091.26
813,361,523,750,305,45,79438.67,6/22/2012,7/17/2016,9645.14
814,374,156,110,935,10,11695.37,6/22/2012,2/3/2021,9393.82
815,754,882,649,415,74,99976.13,6/22/2012,9/9/2013,4959.9
816,351,134,308,502,13,89790.33,8/3/2017,2/1/2023,9965.34
817,663,510,886,42,32,69018.78,8/6/2021,4/23/2023,2921.74
818,938,411,930,407,17,2503.62,1/28/2020,3/10/2022,522.51
819,391,581,709,206,11,77109.75,6/22/2012,11/30/2019,7019.97
820,321,998,111,544,15,90950.06,11/30/2022,12/11/2022,1989.05
821,397,303,691,504,45,68813.38,10/30/2014,5/13/2021,2866.39
822,600,50,213,615,27,42321.08,6/22/2012,4/29/2014,1637.66
823,752,146,970,964,22,27739.57,6/22/2012,10/16/2014,3438.73
824,974,849,655,574,20,56861.44,8/27/2015,11/13/2020,5079.41
825,456,55,886,56,22,25617.21,1/2/2014,4/12/2023,3225.7
826,150,474,477,339,12,94345.85,5/1/2015,4/17/2018,8014.78
827,493,385,630,426,100,42500.44,4/27/2016,4/23/2021,1120.33
828,152,188,165,216,49,88852.77,6/22/2012,5/12/2015,8473.97
829,202,526,530,175,19,49324.55,6/22/2012,4/1/2015,1197.1
830,410,469,207,201,3,58699.43,6/11/2015,1/14/2021,1862.52
831,579,529,190,414,31,89856.1,6/22/2012,1/2/2016,8974.71
832,50,191,232,191,96,79614.77,6/17/2017,6/19/2021,9991.56
833,316,398,823,281,2,21946.78,2/4/2016,12/9/2021,9679.07
834,161,573,182,687,64,23768.53,6/22/2012,3/27/2014,4299.42
835,1,341,396,657,12,73127.06,6/22/2012,1/15/2017,6162.07
836,787,287,496,410,100,77636.17,6/22/2012,4/2/2015,5886.85
837,694,911,741,449,10,43592.29,1/6/2014,6/27/2023,3473.78
838,458,876,106,525,43,70166.73,8/29/2016,1/5/2020,1219.01
839,584,750,550,740,79,64503.39,6/22/2012,3/1/2017,1517.25
840,989,22,57,443,58,28500.5,6/22/2012,9/13/2015,4352.32
841,414,961,583,738,45,25675.44,11/28/2013,5/2/2023,3245.78
842,224,908,675,275,84,99074.8,1/23/2019,8/23/2022,6031.69
843,9,464,14,216,20,14174.18,6/22/2012,1/7/2014,7239.18
844,294,481,329,418,95,87669.64,9/24/2015,11/9/2017,8207.37
845,137,514,272,260,56,59806.64,6/22/2012,7/16/2019,7523.72
846,383,348,947,744,90,95253.14,10/23/2014,4/11/2023,2477.7
847,462,244,822,660,10,58852.64,6/22/2012,2/17/2018,7685.51
848,402,134,626,584,40,78645.44,6/22/2012,7/20/2017,5561
849,799,890,620,952,7,5057.34,8/5/2018,9/1/2021,1635.73
850,655,904,335,94,7,59525.68,11/24/2019,11/27/2019,2495.12
851,262,456,61,487,76,87940.01,6/22/2012,8/9/2014,3121.35
852,393,719,388,271,74,45255.02,12/29/2015,10/7/2020,1876.87
853,496,639,488,473,74,52827.63,6/22/2012,8/19/2021,8625.69
854,597,717,630,241,7,83999.32,6/22/2012,7/30/2018,7455.43
855,573,121,419,515,29,91028.77,1/5/2015,12/11/2015,8555.74
856,761,962,637,543,7,5288.92,9/5/2015,1/13/2017,696.14
857,379,316,502,240,92,28500.06,6/22/2012,10/22/2014,6510.51
858,49,536,631,944,67,22829.82,6/22/2012,10/26/2016,277.92
859,338,817,750,623,79,12710.67,6/22/2012,1/13/2015,5319.06
860,735,155,459,978,30,79808.77,7/8/2019,4/29/2021,8571.15
861,707,778,490,783,80,83711.01,4/14/2014,2/5/2023,3473.56
862,71,264,62,453,61,65707.09,6/22/2012,2/16/2019,6017.61
863,109,98,78,296,38,46469.45,6/22/2012,11/19/2014,6024.05
864,443,112,25,237,8,95978.59,12/17/2013,2/1/2021,4184.32
865,941,909,439,446,2,55168.39,1/3/2014,6/14/2020,8051.18
866,49,494,434,398,67,69548.97,2/16/2020,3/22/2021,5930.81
867,579,507,237,500,87,30683.48,1/27/2022,2/19/2023,9470.17
868,43,521,474,789,82,74011.16,12/29/2013,7/11/2016,3065.51
869,758,184,954,722,48,59724.08,6/22/2012,7/7/2016,4291.81
870,878,256,33,212,12,71775.73,6/22/2012,9/3/2013,8198.49
871,468,585,175,734,24,49953.49,6/22/2012,11/7/2017,8207.28
872,179,982,819,144,35,94793.14,7/19/2016,6/19/2021,3785.68
873,271,494,725,662,82,85169.93,11/1/2016,7/17/2021,7778.86
874,986,269,501,489,95,45060.95,6/22/2012,2/4/2015,7474.74
875,21,477,60,721,56,56327.37,8/12/2013,8/20/2022,6917.53
876,680,89,650,295,44,96709.16,4/13/2015,12/22/2020,8020.75
877,76,441,467,535,20,55271.6,10/22/2014,8/26/2020,6070.38
878,794,345,70,98,9,4409.61,8/2/2017,6/23/2019,5796.9
879,935,650,132,327,69,52451.09,11/10/2013,7/4/2023,4902.14
880,989,715,833,294,15,31447.73,6/22/2012,6/3/2014,3648.67
881,694,34,856,813,30,12780.99,6/22/2012,10/7/2016,3504.08
882,309,71,405,883,20,6011.82,6/22/2012,7/27/2016,5723.31
883,226,766,722,298,4,8172.62,11/21/2022,1/22/2023,3415.58
884,388,719,748,243,41,68174.47,6/22/2012,9/6/2017,3898.36
885,247,854,294,673,9,45081.38,6/22/2012,4/26/2016,7228.08
886,278,965,711,752,61,58622.21,6/22/2012,1/2/2017,5215.77
887,392,334,287,687,44,93537.76,6/22/2012,9/7/2020,9498.93
888,67,778,93,1,88,45254.44,6/22/2012,3/4/2015,9436.37
889,307,334,200,557,5,89956.62,6/22/2012,10/24/2014,7035.29
890,35,737,422,844,59,97606.2,7/31/2017,4/15/2023,1156.09
891,885,428,420,286,65,89554.76,6/22/2012,3/6/2015,5300.31
892,695,829,902,108,37,89510.71,5/2/2014,9/4/2018,7529.98
893,633,843,5,344,91,25005.64,6/22/2012,3/25/2017,8422.64
894,789,97,140,49,88,52981.95,6/22/2012,9/22/2013,5729.32
895,184,163,900,47,65,41800.98,6/22/2012,7/15/2017,5169.84
896,338,72,506,209,69,38934.06,10/5/2020,6/28/2023,1855.24
897,847,866,347,343,57,64692.37,11/21/2014,11/29/2018,9992.52
898,169,6,216,132,22,91840.75,12/7/2013,5/10/2017,9268.37
899,483,961,772,965,83,4730.78,2/15/2021,12/18/2022,4552.51
900,651,708,499,96,91,15093.14,3/14/2014,10/18/2017,5343.45
901,418,491,351,270,25,32570.99,6/22/2012,3/3/2016,8963.91
902,490,494,364,271,2,55982.29,6/22/2012,8/31/2013,1917.7
903,811,647,844,922,4,86491.93,9/25/2015,1/1/2020,9701.92
904,503,503,380,895,76,69521.02,6/22/2012,11/15/2013,977.42
905,441,401,105,781,15,25904.19,12/14/2019,2/9/2021,99.19
906,3,614,3,279,91,99471.25,6/22/2012,10/31/2021,8672.85
907,646,841,976,790,61,93355.09,2/23/2014,12/22/2015,8115.48
908,443,937,23,915,4,80642.1,6/22/2012,5/21/2017,4946.39
909,617,913,849,557,47,13679.62,6/22/2012,6/15/2015,9857.18
910,116,942,102,662,27,68527.12,10/12/2014,6/13/2023,7823.28
911,44,571,800,156,6,91107.26,6/22/2012,4/9/2014,7274.5
912,829,628,623,554,58,44485.18,7/16/2016,5/23/2020,4245.95
913,705,494,92,466,10,13606.04,6/22/2012,5/12/2016,1342.28
914,470,1,740,276,58,69582.54,6/22/2012,12/28/2017,1696.67
915,143,369,841,59,57,12139.52,6/22/2012,3/22/2018,8153.47
916,977,18,282,255,24,34612.88,6/2/2014,1/22/2022,3808
917,623,174,990,352,66,42569.76,6/22/2012,11/3/2018,7152.58
918,860,500,904,463,27,74996.09,11/26/2017,4/9/2019,2064.03
919,78,350,952,406,35,50243,6/22/2012,7/7/2021,8747.03
920,951,682,673,509,95,1467.69,2/28/2020,4/4/2021,2613.87
921,256,183,643,783,91,99155.57,6/22/2012,5/7/2014,1147.62
922,413,881,848,200,85,87017.65,3/6/2019,12/12/2019,5435.39
923,540,489,323,499,3,83669.81,6/22/2012,9/6/2015,3008.44
924,441,574,972,890,20,27753.88,6/22/2012,5/23/2016,9343.58
925,637,118,710,183,63,25609.77,7/2/2018,1/29/2022,4612.57
926,264,542,561,656,93,17786.95,6/22/2012,1/23/2018,8011
927,756,800,925,314,63,47617.26,6/9/2017,6/6/2018,9256.99
928,480,39,838,223,42,37319.57,6/22/2012,5/16/2016,8086.14
929,232,197,811,264,33,82550.45,6/22/2012,5/22/2016,5022.79
930,522,501,6,430,91,70930.54,6/22/2012,1/25/2014,6909.4
931,9,463,29,901,6,44318.34,6/22/2012,6/20/2014,7899.36
932,73,488,512,394,15,78910.19,6/22/2012,9/6/2019,2766.8
933,846,595,62,824,87,58326.43,6/22/2012,12/18/2015,2051.64
934,14,956,76,325,81,7780.13,2/15/2017,10/18/2020,3942.88
935,92,869,371,199,29,68534.57,6/22/2012,5/25/2014,3269.65
936,276,365,453,192,21,3186.35,5/2/2017,6/12/2018,5060.9
937,580,579,210,201,72,92380.45,6/22/2012,5/18/2018,8870.56
938,947,560,203,394,43,87170.63,6/22/2012,11/28/2017,1512.8
939,70,238,723,359,1,39811.29,10/17/2016,7/8/2020,5870.96
940,455,742,74,54,42,37288.9,6/22/2012,9/4/2017,6474.63
941,426,956,878,449,69,78607.88,6/22/2012,4/27/2015,9368.33
942,776,213,110,689,26,95483.68,4/28/2020,5/15/2021,8156.25
943,545,790,766,737,14,13964.67,1/5/2020,3/27/2021,701.45
944,440,817,553,345,91,42732.58,6/22/2012,4/6/2016,9922.95
945,868,77,398,251,51,91649.09,2/9/2016,3/1/2018,4659.52
946,542,630,239,761,20,23564.94,6/22/2012,9/11/2021,5301.82
947,883,170,870,946,14,26086.9,12/30/2016,7/28/2017,8798.43
948,675,918,135,867,12,37776.65,8/24/2020,12/27/2020,9663.67
949,221,408,849,227,17,41785.16,8/13/2014,10/29/2015,2436.32
950,452,633,626,960,12,34230.54,6/22/2012,10/20/2018,9908.32
951,333,13,989,753,9,92853.91,6/22/2012,10/4/2018,8542.19
952,132,210,670,622,62,66770.19,6/22/2012,12/6/2019,1403.61
953,173,277,989,172,6,866.06,2/23/2015,7/16/2021,7245.35
954,70,981,688,358,22,47084.5,7/22/2014,5/14/2022,848.61
955,425,206,407,226,40,67356.7,6/22/2012,11/11/2018,321.78
956,38,865,403,962,94,74737.01,6/22/2012,4/6/2017,9099.87
957,151,763,755,289,28,22844.47,6/22/2012,8/9/2019,3109.91
958,544,220,914,965,69,83903.22,6/22/2012,9/3/2014,9733.93
959,35,513,37,291,48,22984.48,6/22/2012,3/18/2016,3231.7
960,354,720,568,288,4,39018.75,6/22/2012,5/16/2014,5015.53
961,688,466,280,162,22,82920.94,11/28/2014,4/9/2022,7838.22
962,789,726,393,677,39,22855.31,6/22/2012,6/8/2017,1029.58
963,44,494,766,581,22,96813.97,6/22/2012,6/9/2021,8528.74
964,95,309,579,449,80,83137.4,6/22/2012,6/19/2016,5622.89
965,493,686,752,136,9,34250.74,1/12/2015,6/18/2021,3749.76
966,59,596,304,946,94,49784.49,3/14/2014,8/25/2020,3538.07
967,757,692,86,688,45,57732.33,6/22/2012,10/27/2016,2045.57
968,824,252,556,422,37,57786.74,11/1/2015,9/15/2017,4132.24
969,700,38,83,196,98,96232.62,6/22/2012,1/13/2014,7725.31
970,168,699,32,896,89,82592.82,6/22/2012,11/16/2017,8362.74
971,764,114,223,574,71,26562.37,9/13/2017,8/13/2021,5696.55
972,175,841,489,207,64,10768.59,10/19/2018,6/22/2022,3714.48
973,161,435,918,118,73,57502.53,6/22/2012,12/17/2018,4025.24
974,303,403,446,216,67,64654.66,1/23/2020,2/2/2020,7956.47
975,760,193,747,240,9,67227.12,6/22/2012,4/19/2015,8187.48
976,277,538,782,812,72,36994.69,10/23/2017,4/30/2020,1395.52
977,578,391,599,262,11,95153.14,6/22/2012,2/24/2014,221.05
978,980,988,572,15,82,4372.85,9/4/2013,5/18/2015,1814.72
979,832,527,478,38,4,57659.33,8/2/2014,8/10/2022,8603.69
980,543,122,949,996,1,43935.66,6/22/2012,3/10/2014,8388.65
981,246,611,854,718,70,29028.04,8/4/2013,3/28/2017,8025.17
982,846,371,562,323,4,92222.72,6/22/2012,9/6/2016,539.03
983,331,217,922,472,6,67568.2,6/22/2012,10/15/2019,2846.74
984,446,737,490,423,5,74856.77,6/22/2012,10/19/2017,8740.68
985,273,863,865,20,23,22968.42,6/22/2012,1/6/2015,8674.54
986,561,391,785,995,89,73629.39,9/7/2016,11/28/2021,8671.17
987,387,789,325,394,25,72004.78,8/31/2016,1/5/2017,5169.67
988,543,716,243,974,36,8319.16,6/22/2012,7/25/2015,8418.58
989,890,288,560,382,11,75576.17,3/22/2017,5/2/2022,9946.36
990,716,508,272,409,60,83795.52,11/9/2015,6/14/2019,2954.96
991,941,82,673,632,6,1569.91,6/16/2014,6/24/2018,1704.66
992,206,441,478,459,14,3022.14,8/16/2021,7/5/2022,1414.2
993,747,528,458,186,24,62110.79,6/22/2012,3/22/2014,78.95
994,571,446,111,735,9,52383.28,2/7/2017,7/7/2019,8072.88
995,753,415,393,33,20,36587.1,8/28/2014,2/8/2017,338.97
996,550,62,760,950,50,63707.7,1/9/2019,1/10/2019,815.07
997,471,811,113,531,71,71713.58,11/16/2015,10/15/2020,4698.05
998,564,724,263,500,69,6261.97,2/27/2021,12/31/2022,4912.99
999,180,76,359,573,76,31367.9,3/12/2014,7/8/2023,4496.12
1000,591,234,419,248,95,28644.95,6/22/2012,2/15/2016,9163.64
